step,vehicle,speed,x,y,wait_time,edge
0,veh0,0.0,4.690819274055618,297.42979306995505,0.0,AtoJ
1,veh0,0.9189234540099278,5.591872238799658,297.24957471566455,0.0,AtoJ
2,veh0,1.4347704368410632,6.998740406329069,296.9681889639092,0.0,AtoJ
2,veh1,0.0,255.1,198.4,0.0,BtoJ
3,veh0,2.1220902502536774,9.079561940594576,296.5520067336181,0.0,AtoJ
3,veh1,0.6782731825951487,255.77827318259514,198.4,0.0,BtoJ
4,veh0,2.92764025751967,11.950267789085855,295.9778408367064,0.0,AtoJ
4,veh1,1.630918591748923,257.4091917743441,198.4,0.0,BtoJ
4,veh2,0.0,354.34,3.12,0.0,CtoJ
5,veh0,3.5097865777788684,15.391798841238458,295.2895049821822,0.0,AtoJ
5,veh1,2.3833060819888487,259.79249785633294,198.4,0.0,BtoJ
5,veh2,0.76663638651371,354.7999818319082,3.7333091092109676,0.0,CtoJ
6,veh0,4.492611712310463,19.79704182982085,294.40841843930883,0.0,AtoJ
6,veh1,3.318968472420238,263.1114663287532,198.4,0.0,BtoJ
6,veh2,1.3183547600638121,355.5909946879465,4.7879929172620175,0.0,CtoJ
6,veh3,0.0,302.4763294442167,395.26367055578334,0.0,DtoJ
7,veh0,4.995890126447193,24.69577587597796,293.4286294341685,0.0,AtoJ
7,veh1,3.8650488964049146,266.9765152251581,198.4,0.0,BtoJ
7,veh2,2.253314372850582,356.94298331165686,6.590644415542482,0.0,CtoJ
7,veh3,0.5017811198486015,302.83115062599353,394.9088493740065,0.0,DtoJ
8,veh0,5.94231455004774,30.52252903958186,292.2632286119205,0.0,AtoJ
8,veh1,4.40918269357644,271.38569791873454,198.4,0.0,BtoJ
8,veh2,3.0242530897958204,358.7575351655343,9.01004688737914,0.0,CtoJ
8,veh3,1.1393778881756589,303.6368314154479,394.1031685845521,0.0,DtoJ
9,veh0,6.669556913198903,37.0623817378046,290.9552017403693,0.0,AtoJ
9,veh1,4.985726506682113,276.37142442541665,198.4,0.0,BtoJ
9,veh2,3.9126951155485585,361.10515223486345,12.140202979817989,0.0,CtoJ
9,veh3,1.8964653447037563,304.9778664767306,392.7621335232694,0.0,DtoJ
10,veh0,7.330727379070595,44.25054698684448,289.5175067743268,0.0,AtoJ
10,veh1,5.934860228328034,282.3062846537447,198.4,0.0,BtoJ
10,veh2,4.562458780128509,363.84262750294056,15.790170003920796,0.0,CtoJ
10,veh3,2.629724673461169,306.83740638262975,390.90259361737026,0.0,DtoJ
11,veh0,8.167626251000911,52.259335767097035,287.9156800334899,0.0,AtoJ
11,veh1,6.64097752282396,288.94726217656864,198.4,0.0,BtoJ
11,veh2,5.444444287917577,367.10929407569114,20.145725434254857,0.0,CtoJ
11,veh3,3.5789983248105273,309.3681999197996,388.3718000802004,0.0,DtoJ
12,veh0,8.937164139817469,61.022697078037794,286.1629322869027,0.0,AtoJ
12,veh1,7.639706655172631,296.5869688317413,198.4,0.0,BtoJ
12,veh2,6.180477267131209,370.81758043596983,25.090107247959825,0.0,CtoJ
12,veh3,4.172700876370072,312.31881443594904,385.421185564051,0.0,DtoJ
13,veh0,9.490087506943382,70.32822894415483,284.3017457592207,0.0,AtoJ
13,veh1,8.482588685583323,305.0695575173246,198.4,0.0,BtoJ
13,veh2,6.79114457173273,374.8922671790095,30.523022905346007,0.0,CtoJ
13,veh3,5.028381136013195,315.8745005040957,381.8654994959043,0.0,DtoJ
14,veh0,10.478787369676866,80.6032332278824,282.2466563973347,0.0,AtoJ
14,veh1,9.096734981401823,314.1662924987264,198.4,0.0,BtoJ
14,veh2,7.62645469722338,379.46813999734354,36.62418666312471,0.0,CtoJ
14,veh3,5.651527258451097,319.8708277897712,377.8691722102288,0.0,DtoJ
15,veh0,11.242700874689035,91.62729503701709,280.0417490782589,0.0,AtoJ
15,veh1,9.719375741085969,323.8856682398124,198.4,0.0,BtoJ
15,veh2,8.512514063739218,384.575648435587,43.43419791411609,0.0,CtoJ
15,veh3,6.5311983490828425,324.48919110591174,373.25080889408827,0.0,DtoJ
16,veh0,11.997646743780933,103.39162113105833,277.6887825258351,0.0,AtoJ
16,veh1,10.375959928845987,334.2616281686584,198.4,0.0,BtoJ
16,veh2,9.446283897268586,390.2434187739482,50.99122503193095,0.0,CtoJ
16,veh3,7.459996988065541,329.7643296925447,367.9756703074553,0.0,DtoJ
17,veh0,12.979850126546808,116.1190495010953,275.14318722240034,0.0,AtoJ
17,veh1,11.243258470552973,345.50488663921135,198.4,0.0,BtoJ
17,veh2,9.97914428729564,396.2309053463256,58.97454046176746,0.0,CtoJ
17,veh3,8.453221505274996,335.7418005970464,361.99819940295356,0.0,DtoJ
18,veh0,13.544602919137105,129.40024780255624,272.48683316270854,0.0,AtoJ
18,veh1,11.768832196947187,357.27371883615854,198.4,0.0,BtoJ
18,veh2,10.869801466935314,402.75278622648676,67.6703816353157,0.0,CtoJ
18,veh3,9.257120501250029,342.28772730926596,355.45227269073405,0.0,DtoJ
19,veh0,14.513046543579549,143.63105621047757,269.6405489021294,0.0,AtoJ
19,veh1,12.494667771738023,369.76838660789656,198.4,0.0,BtoJ
19,veh2,11.508277227869257,409.6577525632083,76.87700341761114,0.0,CtoJ
19,veh3,9.94694269716274,349.32144345215096,348.41855654784905,0.0,DtoJ
20,veh0,14.490776287015406,157.8400274559942,266.79863226212854,0.0,AtoJ
20,veh1,12.831063787975605,382.59945039587217,198.4,0.0,BtoJ
20,veh2,12.072590697207488,416.9013069815328,86.53507597537713,0.0,CtoJ
20,veh3,10.484120136243291,356.735010343139,341.004989656861,0.0,DtoJ
21,veh0,14.598490630132956,172.15461830212934,263.9355907922353,0.0,AtoJ
21,veh1,12.945894293893385,395.54534468976556,198.4,0.0,BtoJ
21,veh2,12.8567378888838,424.6153497148631,96.82046628648415,0.0,CtoJ
21,veh3,11.42753335996531,364.81568681976853,332.9243131802314,0.0,DtoJ
22,veh0,14.6676204682755,186.53699460453808,261.05899164720813,0.0,AtoJ
22,veh1,12.833376876019198,408.37872156578476,198.4,0.0,BtoJ
22,veh2,13.655808537034318,432.80883483708374,107.74511311611161,0.0,CtoJ
22,veh3,12.304675122490153,373.5166107797208,324.2233892202792,0.0,DtoJ
23,veh0,14.645875770338689,200.89804908252512,258.1866570507237,0.0,AtoJ
23,veh1,12.969526844272647,421.3482484100574,198.4,0.0,BtoJ
23,veh2,13.891042676387263,441.1434604429161,118.85794725722141,0.0,CtoJ
23,veh3,13.221988961915486,382.86618883941946,314.87381116058054,0.0,DtoJ
24,veh0,14.511042928994511,215.12689284055733,255.3407657370452,0.0,AtoJ
24,veh1,12.857861360126432,434.20610977018384,198.4,0.0,BtoJ
24,veh2,13.846065294096155,449.45109961937374,129.9347994924983,0.0,CtoJ
24,veh3,13.8718809831189,392.6753207680647,305.0646792319353,0.0,DtoJ
25,veh0,14.320600053966855,229.16899730446306,252.53222389069614,0.0,AtoJ
25,veh1,12.900441466305661,447.1065512364895,198.4,0.0,BtoJ
25,veh2,13.83330180587331,457.75108070289775,141.00144093719697,0.0,CtoJ
25,veh3,14.608589692274109,403.00539667899176,294.73460332100825,0.0,DtoJ
26,veh0,14.472452376942028,243.36000098867166,249.69390091772294,0.0,AtoJ
26,veh1,9.307491129296317,456.4140423657858,198.4,0.0,BtoJ
26,veh2,13.801442616368552,466.03194627271887,152.0425950302918,0.0,CtoJ
26,veh3,14.816249774646414,413.4823138976536,284.2576861023463,0.0,DtoJ
27,veh0,14.240592311924201,257.32365363718907,246.9010501102069,0.0,AtoJ
27,veh1,4.960133952528183,461.37417631831397,198.4,0.0,BtoJ
27,veh2,13.888274406181557,474.3649109164278,163.15321455523704,0.0,CtoJ
27,veh3,14.602672242553373,423.8082054412939,273.9317945587061,0.0,DtoJ
28,veh0,14.333046566667845,271.3779625639595,244.09006726616013,0.0,AtoJ
28,veh1,0.8533413662546585,462.2275176845686,198.4,0.0,BtoJ
28,veh2,13.827599102031348,482.66147037764665,174.21529383686212,0.0,CtoJ
28,veh3,14.727507732103978,434.2223710832968,263.51762891670313,0.0,DtoJ
29,veh0,14.328125384492678,285.4274460117745,241.28004955946938,0.0,AtoJ
29,veh1,0.2432762577828191,462.47079394235146,198.4,0.0,BtoJ
29,veh2,12.600325361400413,490.22166559448686,184.29555412598248,0.0,CtoJ
29,veh3,15.017360584571426,444.8414984657593,252.8985015342407,0.0,DtoJ
30,veh0,14.30030814893159,299.4496531914043,238.47548734136348,0.0,AtoJ
30,veh1,0.1418979819428199,462.61269192429427,198.4,0.0,BtoJ
30,veh2,8.49397765400916,495.0935464645626,191.1804995952384,0.0,:J_1
30,veh3,14.805359030485553,455.3107145841591,242.4292854158409,0.0,DtoJ
31,veh0,14.719539291314659,313.88293864105634,235.5887059283748,0.0,AtoJ
31,veh1,0.05660771075966557,462.66929963505396,198.4,1.0,BtoJ
31,veh2,3.9939776540091607,495.5550354792065,195.14930512117604,0.0,:J_1
31,veh3,14.773848819540282,465.7576490944166,231.98235090558336,0.0,DtoJ
32,veh0,14.663697338868742,328.2614681079451,232.71287618358684,0.0,AtoJ
32,veh1,0.007398964429399723,462.67669859948336,198.4,2.0,BtoJ
32,veh2,0.20156279538460062,495.57832529800095,195.3495975628082,0.0,:J_1
32,veh3,14.698163266520416,476.1510645775453,221.58893542245468,0.0,DtoJ
33,veh0,14.291860882631381,342.2753922969617,229.90997063495024,0.0,AtoJ
33,veh1,0.0016378966988534114,462.6783364961822,198.4,3.0,BtoJ
33,veh2,0.0,495.57832529800095,195.3495975628082,1.0,:J_1
33,veh3,14.175293627849603,486.17474669333563,211.56525330666435,0.0,DtoJ
34,veh0,14.640200235038874,356.6308816129257,227.03874911880672,0.0,AtoJ
34,veh1,0.0005174717245099708,462.6788539679068,198.4,4.0,BtoJ
34,veh2,0.0,495.57832529800095,195.3495975628082,2.0,:J_1
34,veh3,9.700901901421892,487.51784378449076,204.37419079818363,0.0,:J_13
35,veh0,14.32800349380902,370.6802455404897,224.22875531719566,0.0,AtoJ
35,veh1,0.0,462.6788539679068,198.4,5.0,BtoJ
35,veh2,0.0,495.57832529800095,195.3495975628082,3.0,:J_1
35,veh3,9.889131549818265,477.9927852312995,202.16490309959235,0.0,:J_13
36,veh0,14.583884129739245,384.9805139417826,221.36857845963917,0.0,AtoJ
36,veh1,0.0,462.6788539679068,198.4,6.0,BtoJ
36,veh2,0.9310703123919666,495.6877946747163,196.27426940118036,0.0,:J_16
36,veh3,9.52072934429423,468.48415168662973,201.76445384506306,0.0,:J_13
37,veh0,14.417220671517653,399.1173600226529,218.54108747382747,0.0,AtoJ
37,veh1,0.0,462.6788539679068,198.4,7.0,BtoJ
37,veh2,1.7463795988587663,494.63630813597086,197.4849405100838,0.0,:J_16
37,veh3,9.895261999175707,458.5912952083413,201.6,0.0,JtoB
38,veh0,14.671468365793926,413.5035093917431,215.6637336829642,0.0,AtoJ
38,veh1,0.0,462.6788539679068,198.4,8.0,BtoJ
38,veh2,2.681687106960453,492.5234866779033,199.13653609608522,0.0,:J_16
38,veh3,10.695857607832002,447.8954376005093,201.6,0.0,JtoB
39,veh0,14.36647418161935,427.5905958599125,212.84619504830383,0.0,AtoJ
39,veh1,0.0001237296885489824,462.6789776975953,198.4,9.0,BtoJ
39,veh2,3.3840472808806226,489.8572965427448,201.22070077637767,0.0,:J_16
39,veh3,11.68748582511005,436.20795177539924,201.6,0.0,JtoB
40,veh0,14.380240163389471,441.69118060003547,210.02595664298357,0.0,AtoJ
40,veh1,0.0,462.6789776975953,198.4,10.0,BtoJ
40,veh2,4.195658261072822,485.979534310962,202.76915339151913,0.0,:J_16
40,veh3,12.21169437114411,423.9962574042551,201.6,0.0,JtoB
41,veh0,11.29788662836191,452.7693549543899,207.81022634875808,0.0,AtoJ
41,veh1,0.0,462.6789776975953,198.4,11.0,BtoJ
41,veh2,5.146064705913886,481.138336550396,204.51444026534637,0.0,:J_16
41,veh3,13.056875636407929,410.9393817678472,201.6,0.0,JtoB
42,veh0,7.083221847594262,459.7148279618137,206.42107192150127,0.0,AtoJ
42,veh1,0.0,462.6789776975953,198.4,12.0,BtoJ
42,veh2,6.110539575223811,475.28172282658426,206.22144402083316,0.0,:J_16
42,veh3,13.929688491348932,397.0096932764983,201.6,0.0,JtoB
43,veh0,3.3279561384651166,462.97806466778394,205.76839647197605,0.0,AtoJ
43,veh1,0.0,462.6789776975953,198.4,13.0,BtoJ
43,veh2,6.774515453958884,468.68419531095526,207.76054746016231,0.0,:J_16
43,veh3,14.562680752205486,382.4470125242928,201.6,0.0,JtoB
44,veh0,0.09091465761388315,463.06721128976227,205.75056637970386,1.0,AtoJ
44,veh1,0.0,462.6789776975953,198.4,14.0,BtoJ
44,veh2,7.724803617922589,461.1368624122786,209.40264286299782,0.0,JtoA
44,veh3,14.820533781073456,367.62647874321937,201.6,0.0,JtoB
45,veh0,0.02027154317174905,463.087088608156,205.74659074480914,2.0,AtoJ
45,veh1,0.0,462.6789776975953,198.4,15.0,BtoJ
45,veh2,8.351537779089995,452.9475623231053,211.04053814989553,0.0,JtoA
45,veh3,14.618914560525146,353.0075641826942,201.6,0.0,JtoB
46,veh0,0.0011151802777562359,463.08818210129857,205.74637203676167,3.0,AtoJ
46,veh1,0.0,462.6789776975953,198.4,16.0,BtoJ
46,veh2,8.981884589302354,444.1401605949731,212.80205642657873,0.0,JtoA
46,veh3,14.636856265942034,338.37070791675217,201.6,0.0,JtoB
47,veh0,0.00021556270008348265,463.08839347190747,205.74632976081926,4.0,AtoJ
47,veh1,0.0,462.6789776975953,198.4,17.0,BtoJ
47,veh2,9.64708004228305,434.6804855578401,214.69403217422385,0.0,JtoA
47,veh3,14.904882534866621,323.46582538188557,201.6,0.0,JtoB
48,veh0,0.0,463.08839347190747,205.74632976081926,5.0,AtoJ
48,veh1,0.0,462.6789776975953,198.4,18.0,BtoJ
48,veh2,10.327841473859735,424.55327361914686,216.71951817707884,0.0,JtoA
48,veh3,14.613913203583499,308.8519121783021,201.6,0.0,JtoB
49,veh0,0.0,463.08839347190747,205.74632976081926,6.0,AtoJ
49,veh1,0.0,462.6789776975953,198.4,19.0,BtoJ
49,veh2,11.088626920362003,413.68005531735224,218.8942086653983,0.0,JtoA
49,veh3,14.826521881500659,294.0253902968014,201.6,0.0,JtoB
50,veh0,0.0,463.08839347190747,205.74632976081926,7.0,AtoJ
50,veh1,0.0,462.6789776975953,198.4,20.0,BtoJ
50,veh2,11.854980458621867,402.0553707269272,221.2191956478025,0.0,JtoA
50,veh3,14.745610783219737,279.2797795135816,201.6,0.0,JtoB
51,veh0,0.0,463.08839347190747,205.74632976081926,8.0,AtoJ
51,veh1,0.0,462.6789776975953,198.4,21.0,BtoJ
51,veh2,12.526651032851078,389.77206349251406,223.67590999551086,0.0,JtoA
51,veh3,14.726316627807384,264.55346288577425,201.6,0.0,JtoB
52,veh0,0.0,463.08839347190747,205.74632976081926,9.0,AtoJ
52,veh1,0.0,462.6789776975953,198.4,22.0,BtoJ
52,veh2,13.036596973077394,376.9887165714908,226.23263443407467,0.0,JtoA
53,veh0,0.0,463.08839347190747,205.74632976081926,10.0,AtoJ
53,veh1,0.0,462.6789776975953,198.4,23.0,BtoJ
53,veh2,13.935726205567738,363.3237069796421,228.96569520388215,0.0,JtoA
54,veh0,0.0,463.08839347190747,205.74632976081926,11.0,AtoJ
54,veh1,0.0,462.6789776975953,198.4,24.0,BtoJ
54,veh2,13.967839347762895,349.62720807825565,231.705053971213,0.0,JtoA
55,veh0,0.0,463.08839347190747,205.74632976081926,12.0,AtoJ
55,veh1,0.0,462.6789776975953,198.4,25.0,BtoJ
55,veh2,13.552953446615396,336.3375354688811,234.36304572805255,0.0,JtoA
56,veh0,0.0,463.08839347190747,205.74632976081926,13.0,AtoJ
56,veh1,0.0,462.6789776975953,198.4,26.0,BtoJ
56,veh2,13.807865156890733,322.79790308600036,237.0710305161013,0.0,JtoA
57,veh0,0.0,463.08839347190747,205.74632976081926,14.0,AtoJ
57,veh1,0.0,462.6789776975953,198.4,27.0,BtoJ
57,veh2,13.856715604528693,309.2103692284715,239.78859580537815,0.0,JtoA
58,veh0,0.0,463.08839347190747,205.74632976081926,15.0,AtoJ
58,veh1,0.0,462.6789776975953,198.4,28.0,BtoJ
58,veh2,13.726144244876599,295.750870240152,242.4805535694022,0.0,JtoA
59,veh0,0.0,463.08839347190747,205.74632976081926,16.0,AtoJ
59,veh1,0.0,462.6789776975953,198.4,29.0,BtoJ
59,veh2,13.595661204523315,282.41931951744124,245.14692112926647,0.0,JtoA
60,veh0,0.0,463.08839347190747,205.74632976081926,17.0,AtoJ
60,veh1,0.0,462.6789776975953,198.4,30.0,BtoJ
60,veh2,14.016483233408911,268.67512169070767,247.8958198870929,0.0,JtoA
61,veh0,0.0,463.08839347190747,205.74632976081926,18.0,AtoJ
61,veh1,0.0,462.6789776975953,198.4,31.0,BtoJ
61,veh2,13.612251401395445,255.32730305371356,250.56544109987527,0.0,JtoA
62,veh0,0.0,463.08839347190747,205.74632976081926,19.0,AtoJ
62,veh1,0.0,462.6789776975953,198.4,32.0,BtoJ
62,veh2,13.583256119029505,242.00791643424077,253.2293757867045,0.0,JtoA
63,veh0,0.0,463.08839347190747,205.74632976081926,20.0,AtoJ
63,veh1,0.0,462.6789776975953,198.4,33.0,BtoJ
63,veh2,13.731793250405138,228.54287817845912,255.9224414280771,0.0,JtoA
64,veh0,0.0,463.08839347190747,205.74632976081926,21.0,AtoJ
64,veh1,0.0,462.6789776975953,198.4,34.0,BtoJ
64,veh2,13.540565140411166,215.26535321898882,258.57800360261916,0.0,JtoA
65,veh0,0.0,463.08839347190747,205.74632976081926,22.0,AtoJ
65,veh1,0.0,462.6789776975953,198.4,35.0,BtoJ
65,veh2,13.67494083520109,201.85606295851233,261.2599194048394,0.0,JtoA
66,veh0,0.0,463.08839347190747,205.74632976081926,23.0,AtoJ
66,veh1,0.0,462.6789776975953,198.4,36.0,BtoJ
66,veh2,13.815283929794935,188.3091559204468,263.96935915525506,0.0,JtoA
67,veh0,0.0,463.08839347190747,205.74632976081926,24.0,AtoJ
67,veh1,0.0,462.6789776975953,198.4,37.0,BtoJ
67,veh2,13.707575408724045,174.86786504847453,266.65767521759227,0.0,JtoA
68,veh0,0.0,463.08839347190747,205.74632976081926,25.0,AtoJ
68,veh1,0.0,462.6789776975953,198.4,38.0,BtoJ
68,veh2,13.954078348219303,161.18485982427308,269.3943351913726,0.0,JtoA
69,veh0,0.0,463.08839347190747,205.74632976081926,26.0,AtoJ
69,veh1,0.0,462.6789776975953,198.4,39.0,BtoJ
69,veh2,13.547329671313895,147.90070174225815,272.05122401899064,0.0,JtoA
70,veh0,0.0,463.08839347190747,205.74632976081926,27.0,AtoJ
70,veh1,0.0,462.6789776975953,198.4,40.0,BtoJ
70,veh2,13.899286482581777,134.27142399220816,274.77713826655116,0.0,JtoA
71,veh0,0.0,463.08839347190747,205.74632976081926,28.0,AtoJ
71,veh1,0.0,462.6789776975953,198.4,41.0,BtoJ
71,veh2,13.54063490205994,120.99383062628493,277.4327141226785,0.0,JtoA
72,veh0,0.0,463.08839347190747,205.74632976081926,29.0,AtoJ
72,veh1,0.0,462.6789776975953,198.4,42.0,BtoJ
72,veh2,13.6636036229142,107.5956573404361,280.1124064820954,0.0,JtoA
73,veh0,0.0,463.08839347190747,205.74632976081926,30.0,AtoJ
73,veh1,0.0,462.6789776975953,198.4,43.0,BtoJ
73,veh2,13.607908677757626,94.25209706495764,282.7811760042351,0.0,JtoA
74,veh0,0.0,463.08839347190747,205.74632976081926,31.0,AtoJ
74,veh1,0.0,462.6789776975953,198.4,44.0,BtoJ
74,veh2,14.005222316697148,80.51894139940094,285.52786628227057,0.0,JtoA
75,veh0,0.0,463.08839347190747,205.74632976081926,32.0,AtoJ
75,veh1,0.0,462.6789776975953,198.4,45.0,BtoJ
75,veh2,13.811807430564334,66.97544332579349,288.23662422511313,0.0,JtoA
76,veh0,0.0,463.08839347190747,205.74632976081926,33.0,AtoJ
76,veh1,0.0,462.6789776975953,198.4,46.0,BtoJ
76,veh2,13.835396077233275,53.40881484059241,290.95000834989077,0.0,JtoA
77,veh0,0.0,463.08839347190747,205.74632976081926,34.0,AtoJ
77,veh1,0.0,462.6789776975953,198.4,47.0,BtoJ
77,veh2,13.65200867199423,40.02201126115159,293.62742671905994,0.0,JtoA
78,veh0,0.0,463.08839347190747,205.74632976081926,35.0,AtoJ
78,veh1,0.0,462.6789776975953,198.4,48.0,BtoJ
78,veh2,14.026707504741756,26.26778778065784,296.3783306508161,0.0,JtoA
79,veh0,0.0,463.08839347190747,205.74632976081926,36.0,AtoJ
79,veh1,0.0,462.6789776975953,198.4,49.0,BtoJ
79,veh2,13.730031908588392,12.804476650715571,299.07105085958256,0.0,JtoA
80,veh0,0.0,463.08839347190747,205.74632976081926,37.0,AtoJ
80,veh1,0.0,462.6789776975953,198.4,50.0,BtoJ
81,veh0,0.0,463.08839347190747,205.74632976081926,38.0,AtoJ
81,veh1,0.0,462.6789776975953,198.4,51.0,BtoJ
82,veh0,0.0,463.08839347190747,205.74632976081926,39.0,AtoJ
82,veh1,0.0,462.6789776975953,198.4,52.0,BtoJ
83,veh0,0.0,463.08839347190747,205.74632976081926,40.0,AtoJ
83,veh1,0.0,462.6789776975953,198.4,53.0,BtoJ
84,veh0,0.0,463.08839347190747,205.74632976081926,41.0,AtoJ
84,veh1,0.0,462.6789776975953,198.4,54.0,BtoJ
85,veh0,0.0,463.08839347190747,205.74632976081926,42.0,AtoJ
85,veh1,0.0,462.6789776975953,198.4,55.0,BtoJ
86,veh0,0.0,463.08839347190747,205.74632976081926,43.0,AtoJ
86,veh1,0.0,462.6789776975953,198.4,56.0,BtoJ
87,veh0,0.0,463.08839347190747,205.74632976081926,44.0,AtoJ
87,veh1,0.0,462.6789776975953,198.4,57.0,BtoJ
88,veh0,0.0,463.08839347190747,205.74632976081926,45.0,AtoJ
88,veh1,0.0,462.6789776975953,198.4,58.0,BtoJ
89,veh0,0.0,463.08839347190747,205.74632976081926,46.0,AtoJ
89,veh1,0.0,462.6789776975953,198.4,59.0,BtoJ
90,veh0,0.0,463.08839347190747,205.74632976081926,47.0,AtoJ
90,veh1,0.0,462.6789776975953,198.4,60.0,BtoJ
91,veh0,0.0,463.08839347190747,205.74632976081926,48.0,AtoJ
91,veh1,0.0,462.6789776975953,198.4,61.0,BtoJ
92,veh0,0.0,463.08839347190747,205.74632976081926,49.0,AtoJ
92,veh1,0.0,462.6789776975953,198.4,62.0,BtoJ
93,veh0,0.0,463.08839347190747,205.74632976081926,50.0,AtoJ
93,veh1,0.0,462.6789776975953,198.4,63.0,BtoJ
94,veh0,0.0,463.08839347190747,205.74632976081926,51.0,AtoJ
94,veh1,0.0,462.6789776975953,198.4,64.0,BtoJ
95,veh0,0.0,463.08839347190747,205.74632976081926,52.0,AtoJ
95,veh1,0.0,462.6789776975953,198.4,65.0,BtoJ
96,veh0,0.0,463.08839347190747,205.74632976081926,53.0,AtoJ
96,veh1,0.0,462.6789776975953,198.4,66.0,BtoJ
97,veh0,0.0,463.08839347190747,205.74632976081926,54.0,AtoJ
97,veh1,0.0,462.6789776975953,198.4,67.0,BtoJ
98,veh0,0.0,463.08839347190747,205.74632976081926,55.0,AtoJ
98,veh1,0.0,462.6789776975953,198.4,68.0,BtoJ
99,veh0,0.0,463.08839347190747,205.74632976081926,56.0,AtoJ
99,veh1,0.0,462.6789776975953,198.4,69.0,BtoJ
100,veh0,0.0,463.08839347190747,205.74632976081926,57.0,AtoJ
100,veh1,0.0,462.6789776975953,198.4,70.0,BtoJ
101,veh0,0.0,463.08839347190747,205.74632976081926,58.0,AtoJ
101,veh1,0.0,462.6789776975953,198.4,71.0,BtoJ
102,veh0,0.0,463.08839347190747,205.74632976081926,59.0,AtoJ
102,veh1,0.0,462.6789776975953,198.4,72.0,BtoJ
103,veh0,0.0,463.08839347190747,205.74632976081926,60.0,AtoJ
103,veh1,0.0,462.6789776975953,198.4,73.0,BtoJ
104,veh0,0.0,463.08839347190747,205.74632976081926,61.0,AtoJ
104,veh1,0.0,462.6789776975953,198.4,74.0,BtoJ
105,veh0,0.0,463.08839347190747,205.74632976081926,62.0,AtoJ
105,veh1,0.0,462.6789776975953,198.4,75.0,BtoJ
106,veh0,0.0,463.08839347190747,205.74632976081926,63.0,AtoJ
106,veh1,0.0,462.6789776975953,198.4,76.0,BtoJ
107,veh0,0.0,463.08839347190747,205.74632976081926,64.0,AtoJ
107,veh1,0.0,462.6789776975953,198.4,77.0,BtoJ
108,veh0,0.0,463.08839347190747,205.74632976081926,65.0,AtoJ
108,veh1,0.0,462.6789776975953,198.4,78.0,BtoJ
109,veh0,0.0,463.08839347190747,205.74632976081926,66.0,AtoJ
109,veh1,0.0,462.6789776975953,198.4,79.0,BtoJ
110,veh0,0.0,463.08839347190747,205.74632976081926,67.0,AtoJ
110,veh1,0.0,462.6789776975953,198.4,80.0,BtoJ
111,veh0,0.0,463.08839347190747,205.74632976081926,68.0,AtoJ
111,veh1,0.0,462.6789776975953,198.4,81.0,BtoJ
112,veh0,0.0,463.08839347190747,205.74632976081926,69.0,AtoJ
112,veh1,0.0,462.6789776975953,198.4,82.0,BtoJ
113,veh0,0.0,463.08839347190747,205.74632976081926,70.0,AtoJ
113,veh1,0.0,462.6789776975953,198.4,83.0,BtoJ
114,veh0,0.0,463.08839347190747,205.74632976081926,71.0,AtoJ
114,veh1,0.0,462.6789776975953,198.4,84.0,BtoJ
115,veh0,0.0,463.08839347190747,205.74632976081926,72.0,AtoJ
115,veh1,0.0,462.6789776975953,198.4,85.0,BtoJ
116,veh0,0.0,463.08839347190747,205.74632976081926,73.0,AtoJ
116,veh1,0.0,462.6789776975953,198.4,86.0,BtoJ
117,veh0,0.0,463.08839347190747,205.74632976081926,74.0,AtoJ
117,veh1,0.0,462.6789776975953,198.4,87.0,BtoJ
118,veh0,0.0,463.08839347190747,205.74632976081926,75.0,AtoJ
118,veh1,0.0,462.6789776975953,198.4,88.0,BtoJ
119,veh0,0.0,463.08839347190747,205.74632976081926,76.0,AtoJ
119,veh1,0.0,462.6789776975953,198.4,89.0,BtoJ
120,veh0,0.0,463.08839347190747,205.74632976081926,77.0,AtoJ
120,veh1,0.0,462.6789776975953,198.4,90.0,BtoJ
121,veh0,0.0,463.08839347190747,205.74632976081926,78.0,AtoJ
121,veh1,0.0,462.6789776975953,198.4,91.0,BtoJ
122,veh0,0.0,463.08839347190747,205.74632976081926,79.0,AtoJ
122,veh1,0.0,462.6789776975953,198.4,92.0,BtoJ
123,veh0,0.0,463.08839347190747,205.74632976081926,80.0,AtoJ
123,veh1,0.0,462.6789776975953,198.4,93.0,BtoJ
124,veh0,0.0,463.08839347190747,205.74632976081926,81.0,AtoJ
124,veh1,0.0,462.6789776975953,198.4,94.0,BtoJ
125,veh0,0.0,463.08839347190747,205.74632976081926,82.0,AtoJ
125,veh1,0.0,462.6789776975953,198.4,95.0,BtoJ
126,veh0,0.0,463.08839347190747,205.74632976081926,83.0,AtoJ
126,veh1,0.0,462.6789776975953,198.4,96.0,BtoJ
127,veh0,0.0,463.08839347190747,205.74632976081926,84.0,AtoJ
127,veh1,0.0,462.6789776975953,198.4,97.0,BtoJ
128,veh0,0.0,463.08839347190747,205.74632976081926,85.0,AtoJ
128,veh1,0.0,462.6789776975953,198.4,98.0,BtoJ
129,veh0,0.0,463.08839347190747,205.74632976081926,86.0,AtoJ
129,veh1,0.0,462.6789776975953,198.4,99.0,BtoJ
130,veh0,0.0,463.08839347190747,205.74632976081926,87.0,AtoJ
130,veh1,0.0,462.6789776975953,198.4,100.0,BtoJ
131,veh0,0.0,463.08839347190747,205.74632976081926,88.0,AtoJ
131,veh1,0.0,462.6789776975953,198.4,101.0,BtoJ
132,veh0,0.0,463.08839347190747,205.74632976081926,89.0,AtoJ
132,veh1,0.0,462.6789776975953,198.4,102.0,BtoJ
133,veh0,0.0,463.08839347190747,205.74632976081926,90.0,AtoJ
133,veh1,0.0,462.6789776975953,198.4,103.0,BtoJ
134,veh0,0.0,463.08839347190747,205.74632976081926,91.0,AtoJ
134,veh1,0.0,462.6789776975953,198.4,104.0,BtoJ
135,veh0,0.0,463.08839347190747,205.74632976081926,92.0,AtoJ
135,veh1,0.0,462.6789776975953,198.4,105.0,BtoJ
136,veh0,0.0,463.08839347190747,205.74632976081926,93.0,AtoJ
136,veh1,0.0,462.6789776975953,198.4,106.0,BtoJ
137,veh0,0.0,463.08839347190747,205.74632976081926,94.0,AtoJ
137,veh1,0.0,462.6789776975953,198.4,107.0,BtoJ
138,veh0,0.0,463.08839347190747,205.74632976081926,95.0,AtoJ
138,veh1,0.0,462.6789776975953,198.4,108.0,BtoJ
139,veh0,0.0,463.08839347190747,205.74632976081926,96.0,AtoJ
139,veh1,0.0,462.6789776975953,198.4,109.0,BtoJ
140,veh0,0.0,463.08839347190747,205.74632976081926,97.0,AtoJ
140,veh1,0.0,462.6789776975953,198.4,110.0,BtoJ
141,veh0,0.0,463.08839347190747,205.74632976081926,98.0,AtoJ
141,veh1,0.0,462.6789776975953,198.4,111.0,BtoJ
142,veh0,0.0,463.08839347190747,205.74632976081926,99.0,AtoJ
142,veh1,0.0,462.6789776975953,198.4,112.0,BtoJ
143,veh0,0.0,463.08839347190747,205.74632976081926,100.0,AtoJ
143,veh1,0.0,462.6789776975953,198.4,113.0,BtoJ
144,veh0,0.0,463.08839347190747,205.74632976081926,101.0,AtoJ
144,veh1,0.0,462.6789776975953,198.4,114.0,BtoJ
145,veh0,0.0,463.08839347190747,205.74632976081926,102.0,AtoJ
145,veh1,0.0,462.6789776975953,198.4,115.0,BtoJ
146,veh0,0.0,463.08839347190747,205.74632976081926,103.0,AtoJ
146,veh1,0.0,462.6789776975953,198.4,116.0,BtoJ
147,veh0,0.0,463.08839347190747,205.74632976081926,104.0,AtoJ
147,veh1,0.0,462.6789776975953,198.4,117.0,BtoJ
148,veh0,0.0,463.08839347190747,205.74632976081926,105.0,AtoJ
148,veh1,0.0,462.6789776975953,198.4,118.0,BtoJ
149,veh0,0.0,463.08839347190747,205.74632976081926,106.0,AtoJ
149,veh1,0.0,462.6789776975953,198.4,119.0,BtoJ
150,veh0,0.0,463.08839347190747,205.74632976081926,107.0,AtoJ
150,veh1,0.0,462.6789776975953,198.4,120.0,BtoJ
151,veh0,0.0,463.08839347190747,205.74632976081926,108.0,AtoJ
151,veh1,0.0,462.6789776975953,198.4,121.0,BtoJ
152,veh0,0.0,463.08839347190747,205.74632976081926,109.0,AtoJ
152,veh1,0.0,462.6789776975953,198.4,122.0,BtoJ
153,veh0,0.0,463.08839347190747,205.74632976081926,110.0,AtoJ
153,veh1,0.0,462.6789776975953,198.4,123.0,BtoJ
154,veh0,0.0,463.08839347190747,205.74632976081926,111.0,AtoJ
154,veh1,0.0,462.6789776975953,198.4,124.0,BtoJ
155,veh0,0.0,463.08839347190747,205.74632976081926,112.0,AtoJ
155,veh1,0.0,462.6789776975953,198.4,125.0,BtoJ
156,veh0,0.0,463.08839347190747,205.74632976081926,113.0,AtoJ
156,veh1,0.0,462.6789776975953,198.4,126.0,BtoJ
157,veh0,0.0,463.08839347190747,205.74632976081926,114.0,AtoJ
157,veh1,0.0,462.6789776975953,198.4,127.0,BtoJ
158,veh0,0.0,463.08839347190747,205.74632976081926,115.0,AtoJ
158,veh1,0.0,462.6789776975953,198.4,128.0,BtoJ
159,veh0,0.0,463.08839347190747,205.74632976081926,116.0,AtoJ
159,veh1,0.0,462.6789776975953,198.4,129.0,BtoJ
160,veh0,0.0,463.08839347190747,205.74632976081926,117.0,AtoJ
160,veh1,0.0,462.6789776975953,198.4,130.0,BtoJ
161,veh0,0.0,463.08839347190747,205.74632976081926,118.0,AtoJ
161,veh1,0.0,462.6789776975953,198.4,131.0,BtoJ
162,veh0,0.0,463.08839347190747,205.74632976081926,119.0,AtoJ
162,veh1,0.0,462.6789776975953,198.4,132.0,BtoJ
163,veh0,0.0,463.08839347190747,205.74632976081926,120.0,AtoJ
163,veh1,0.0,462.6789776975953,198.4,133.0,BtoJ
164,veh0,0.0,463.08839347190747,205.74632976081926,121.0,AtoJ
164,veh1,0.0,462.6789776975953,198.4,134.0,BtoJ
165,veh0,0.0,463.08839347190747,205.74632976081926,122.0,AtoJ
165,veh1,0.0,462.6789776975953,198.4,135.0,BtoJ
166,veh0,0.0,463.08839347190747,205.74632976081926,123.0,AtoJ
166,veh1,0.0,462.6789776975953,198.4,136.0,BtoJ
167,veh0,0.0,463.08839347190747,205.74632976081926,124.0,AtoJ
167,veh1,0.0,462.6789776975953,198.4,137.0,BtoJ
168,veh0,0.0,463.08839347190747,205.74632976081926,125.0,AtoJ
168,veh1,0.0,462.6789776975953,198.4,138.0,BtoJ
169,veh0,0.0,463.08839347190747,205.74632976081926,126.0,AtoJ
169,veh1,0.0,462.6789776975953,198.4,139.0,BtoJ
170,veh0,0.0,463.08839347190747,205.74632976081926,127.0,AtoJ
170,veh1,0.0,462.6789776975953,198.4,140.0,BtoJ
171,veh0,0.0,463.08839347190747,205.74632976081926,128.0,AtoJ
171,veh1,0.0,462.6789776975953,198.4,141.0,BtoJ
172,veh0,0.0,463.08839347190747,205.74632976081926,129.0,AtoJ
172,veh1,0.0,462.6789776975953,198.4,142.0,BtoJ
173,veh0,0.0,463.08839347190747,205.74632976081926,130.0,AtoJ
173,veh1,0.0,462.6789776975953,198.4,143.0,BtoJ
174,veh0,0.0,463.08839347190747,205.74632976081926,131.0,AtoJ
174,veh1,0.0,462.6789776975953,198.4,144.0,BtoJ
175,veh0,0.0,463.08839347190747,205.74632976081926,132.0,AtoJ
175,veh1,0.0,462.6789776975953,198.4,145.0,BtoJ
176,veh0,0.0,463.08839347190747,205.74632976081926,133.0,AtoJ
176,veh1,0.0,462.6789776975953,198.4,146.0,BtoJ
177,veh0,0.0,463.08839347190747,205.74632976081926,134.0,AtoJ
177,veh1,0.0,462.6789776975953,198.4,147.0,BtoJ
178,veh0,0.0,463.08839347190747,205.74632976081926,135.0,AtoJ
178,veh1,0.0,462.6789776975953,198.4,148.0,BtoJ
179,veh0,0.0,463.08839347190747,205.74632976081926,136.0,AtoJ
179,veh1,0.0,462.6789776975953,198.4,149.0,BtoJ
180,veh0,0.0,463.08839347190747,205.74632976081926,137.0,AtoJ
180,veh1,0.0,462.6789776975953,198.4,150.0,BtoJ
181,veh0,0.0,463.08839347190747,205.74632976081926,138.0,AtoJ
181,veh1,0.0,462.6789776975953,198.4,151.0,BtoJ
182,veh0,0.0,463.08839347190747,205.74632976081926,139.0,AtoJ
182,veh1,0.0,462.6789776975953,198.4,152.0,BtoJ
183,veh0,0.0,463.08839347190747,205.74632976081926,140.0,AtoJ
183,veh1,0.0,462.6789776975953,198.4,153.0,BtoJ
184,veh0,0.0,463.08839347190747,205.74632976081926,141.0,AtoJ
184,veh1,0.0,462.6789776975953,198.4,154.0,BtoJ
185,veh0,0.0,463.08839347190747,205.74632976081926,142.0,AtoJ
185,veh1,0.0,462.6789776975953,198.4,155.0,BtoJ
186,veh0,0.0,463.08839347190747,205.74632976081926,143.0,AtoJ
186,veh1,0.0,462.6789776975953,198.4,156.0,BtoJ
187,veh0,0.0,463.08839347190747,205.74632976081926,144.0,AtoJ
187,veh1,0.0,462.6789776975953,198.4,157.0,BtoJ
188,veh0,0.0,463.08839347190747,205.74632976081926,145.0,AtoJ
188,veh1,0.0,462.6789776975953,198.4,158.0,BtoJ
189,veh0,0.0,463.08839347190747,205.74632976081926,146.0,AtoJ
189,veh1,0.0,462.6789776975953,198.4,159.0,BtoJ
190,veh0,0.0,463.08839347190747,205.74632976081926,147.0,AtoJ
190,veh1,0.0,462.6789776975953,198.4,160.0,BtoJ
191,veh0,0.0,463.08839347190747,205.74632976081926,148.0,AtoJ
191,veh1,0.0,462.6789776975953,198.4,161.0,BtoJ
192,veh0,0.0,463.08839347190747,205.74632976081926,149.0,AtoJ
192,veh1,0.0,462.6789776975953,198.4,162.0,BtoJ
193,veh0,0.0,463.08839347190747,205.74632976081926,150.0,AtoJ
193,veh1,0.0,462.6789776975953,198.4,163.0,BtoJ
194,veh0,0.0,463.08839347190747,205.74632976081926,151.0,AtoJ
194,veh1,0.0,462.6789776975953,198.4,164.0,BtoJ
195,veh0,0.0,463.08839347190747,205.74632976081926,152.0,AtoJ
195,veh1,0.0,462.6789776975953,198.4,165.0,BtoJ
196,veh0,0.0,463.08839347190747,205.74632976081926,153.0,AtoJ
196,veh1,0.0,462.6789776975953,198.4,166.0,BtoJ
197,veh0,0.0,463.08839347190747,205.74632976081926,154.0,AtoJ
197,veh1,0.0,462.6789776975953,198.4,167.0,BtoJ
198,veh0,0.0,463.08839347190747,205.74632976081926,155.0,AtoJ
198,veh1,0.0,462.6789776975953,198.4,168.0,BtoJ
199,veh0,0.0,463.08839347190747,205.74632976081926,156.0,AtoJ
199,veh1,0.0,462.6789776975953,198.4,169.0,BtoJ
200,veh0,0.0,463.08839347190747,205.74632976081926,157.0,AtoJ
200,veh1,0.0,462.6789776975953,198.4,170.0,BtoJ
201,veh0,0.0,463.08839347190747,205.74632976081926,158.0,AtoJ
201,veh1,0.0,462.6789776975953,198.4,171.0,BtoJ
202,veh0,0.0,463.08839347190747,205.74632976081926,159.0,AtoJ
202,veh1,0.0,462.6789776975953,198.4,172.0,BtoJ
203,veh0,0.0,463.08839347190747,205.74632976081926,160.0,AtoJ
203,veh1,0.0,462.6789776975953,198.4,173.0,BtoJ
204,veh0,0.0,463.08839347190747,205.74632976081926,161.0,AtoJ
204,veh1,0.0,462.6789776975953,198.4,174.0,BtoJ
205,veh0,0.0,463.08839347190747,205.74632976081926,162.0,AtoJ
205,veh1,0.0,462.6789776975953,198.4,175.0,BtoJ
206,veh0,0.0,463.08839347190747,205.74632976081926,163.0,AtoJ
206,veh1,0.0,462.6789776975953,198.4,176.0,BtoJ
207,veh0,0.0,463.08839347190747,205.74632976081926,164.0,AtoJ
207,veh1,0.0,462.6789776975953,198.4,177.0,BtoJ
208,veh0,0.0,463.08839347190747,205.74632976081926,165.0,AtoJ
208,veh1,0.0,462.6789776975953,198.4,178.0,BtoJ
209,veh0,0.0,463.08839347190747,205.74632976081926,166.0,AtoJ
209,veh1,0.0,462.6789776975953,198.4,179.0,BtoJ
210,veh0,0.0,463.08839347190747,205.74632976081926,167.0,AtoJ
210,veh1,0.0,462.6789776975953,198.4,180.0,BtoJ
211,veh0,0.0,463.08839347190747,205.74632976081926,168.0,AtoJ
211,veh1,0.0,462.6789776975953,198.4,181.0,BtoJ
212,veh0,0.0,463.08839347190747,205.74632976081926,169.0,AtoJ
212,veh1,0.0,462.6789776975953,198.4,182.0,BtoJ
213,veh0,0.0,463.08839347190747,205.74632976081926,170.0,AtoJ
213,veh1,0.0,462.6789776975953,198.4,183.0,BtoJ
214,veh0,0.0,463.08839347190747,205.74632976081926,171.0,AtoJ
214,veh1,0.0,462.6789776975953,198.4,184.0,BtoJ
215,veh0,0.0,463.08839347190747,205.74632976081926,172.0,AtoJ
215,veh1,0.0,462.6789776975953,198.4,185.0,BtoJ
216,veh0,0.0,463.08839347190747,205.74632976081926,173.0,AtoJ
216,veh1,0.0,462.6789776975953,198.4,186.0,BtoJ
217,veh0,0.0,463.08839347190747,205.74632976081926,174.0,AtoJ
217,veh1,0.0,462.6789776975953,198.4,187.0,BtoJ
218,veh0,0.0,463.08839347190747,205.74632976081926,175.0,AtoJ
218,veh1,0.0,462.6789776975953,198.4,188.0,BtoJ
219,veh0,0.0,463.08839347190747,205.74632976081926,176.0,AtoJ
219,veh1,0.0,462.6789776975953,198.4,189.0,BtoJ
220,veh0,0.0,463.08839347190747,205.74632976081926,177.0,AtoJ
220,veh1,0.0,462.6789776975953,198.4,190.0,BtoJ
221,veh0,0.0,463.08839347190747,205.74632976081926,178.0,AtoJ
221,veh1,0.0,462.6789776975953,198.4,191.0,BtoJ
222,veh0,0.0,463.08839347190747,205.74632976081926,179.0,AtoJ
222,veh1,0.0,462.6789776975953,198.4,192.0,BtoJ
223,veh0,0.0,463.08839347190747,205.74632976081926,180.0,AtoJ
223,veh1,0.0,462.6789776975953,198.4,193.0,BtoJ
224,veh0,0.0,463.08839347190747,205.74632976081926,181.0,AtoJ
224,veh1,0.0,462.6789776975953,198.4,194.0,BtoJ
225,veh0,0.0,463.08839347190747,205.74632976081926,182.0,AtoJ
225,veh1,0.0,462.6789776975953,198.4,195.0,BtoJ
226,veh0,0.0,463.08839347190747,205.74632976081926,183.0,AtoJ
226,veh1,0.0,462.6789776975953,198.4,196.0,BtoJ
227,veh0,0.0,463.08839347190747,205.74632976081926,184.0,AtoJ
227,veh1,0.0,462.6789776975953,198.4,197.0,BtoJ
228,veh0,0.0,463.08839347190747,205.74632976081926,185.0,AtoJ
228,veh1,0.0,462.6789776975953,198.4,198.0,BtoJ
229,veh0,0.0,463.08839347190747,205.74632976081926,186.0,AtoJ
229,veh1,0.0,462.6789776975953,198.4,199.0,BtoJ
230,veh0,0.0,463.08839347190747,205.74632976081926,187.0,AtoJ
230,veh1,0.0,462.6789776975953,198.4,200.0,BtoJ
231,veh0,0.0,463.08839347190747,205.74632976081926,188.0,AtoJ
231,veh1,0.0,462.6789776975953,198.4,201.0,BtoJ
232,veh0,0.0,463.08839347190747,205.74632976081926,189.0,AtoJ
232,veh1,0.0,462.6789776975953,198.4,202.0,BtoJ
233,veh0,0.0,463.08839347190747,205.74632976081926,190.0,AtoJ
233,veh1,0.0,462.6789776975953,198.4,203.0,BtoJ
234,veh0,0.0,463.08839347190747,205.74632976081926,191.0,AtoJ
234,veh1,0.0,462.6789776975953,198.4,204.0,BtoJ
235,veh0,0.0,463.08839347190747,205.74632976081926,192.0,AtoJ
235,veh1,0.0,462.6789776975953,198.4,205.0,BtoJ
236,veh0,0.0,463.08839347190747,205.74632976081926,193.0,AtoJ
236,veh1,0.0,462.6789776975953,198.4,206.0,BtoJ
237,veh0,0.0,463.08839347190747,205.74632976081926,194.0,AtoJ
237,veh1,0.0,462.6789776975953,198.4,207.0,BtoJ
238,veh0,0.0,463.08839347190747,205.74632976081926,195.0,AtoJ
238,veh1,0.0,462.6789776975953,198.4,208.0,BtoJ
239,veh0,0.0,463.08839347190747,205.74632976081926,196.0,AtoJ
239,veh1,0.0,462.6789776975953,198.4,209.0,BtoJ
240,veh0,0.0,463.08839347190747,205.74632976081926,197.0,AtoJ
240,veh1,0.0,462.6789776975953,198.4,210.0,BtoJ
241,veh0,0.0,463.08839347190747,205.74632976081926,198.0,AtoJ
241,veh1,0.0,462.6789776975953,198.4,211.0,BtoJ
242,veh0,0.0,463.08839347190747,205.74632976081926,199.0,AtoJ
242,veh1,0.0,462.6789776975953,198.4,212.0,BtoJ
243,veh0,0.0,463.08839347190747,205.74632976081926,200.0,AtoJ
243,veh1,0.0,462.6789776975953,198.4,213.0,BtoJ
244,veh0,0.0,463.08839347190747,205.74632976081926,201.0,AtoJ
244,veh1,0.0,462.6789776975953,198.4,214.0,BtoJ
245,veh0,0.0,463.08839347190747,205.74632976081926,202.0,AtoJ
245,veh1,0.0,462.6789776975953,198.4,215.0,BtoJ
246,veh0,0.0,463.08839347190747,205.74632976081926,203.0,AtoJ
246,veh1,0.0,462.6789776975953,198.4,216.0,BtoJ
247,veh0,0.0,463.08839347190747,205.74632976081926,204.0,AtoJ
247,veh1,0.0,462.6789776975953,198.4,217.0,BtoJ
248,veh0,0.0,463.08839347190747,205.74632976081926,205.0,AtoJ
248,veh1,0.0,462.6789776975953,198.4,218.0,BtoJ
249,veh0,0.0,463.08839347190747,205.74632976081926,206.0,AtoJ
249,veh1,0.0,462.6789776975953,198.4,219.0,BtoJ
250,veh0,0.0,463.08839347190747,205.74632976081926,207.0,AtoJ
250,veh1,0.0,462.6789776975953,198.4,220.0,BtoJ
251,veh0,0.0,463.08839347190747,205.74632976081926,208.0,AtoJ
251,veh1,0.0,462.6789776975953,198.4,221.0,BtoJ
252,veh0,0.0,463.08839347190747,205.74632976081926,209.0,AtoJ
252,veh1,0.0,462.6789776975953,198.4,222.0,BtoJ
253,veh0,0.0,463.08839347190747,205.74632976081926,210.0,AtoJ
253,veh1,0.0,462.6789776975953,198.4,223.0,BtoJ
254,veh0,0.0,463.08839347190747,205.74632976081926,211.0,AtoJ
254,veh1,0.0,462.6789776975953,198.4,224.0,BtoJ
255,veh0,0.0,463.08839347190747,205.74632976081926,212.0,AtoJ
255,veh1,0.0,462.6789776975953,198.4,225.0,BtoJ
256,veh0,0.0,463.08839347190747,205.74632976081926,213.0,AtoJ
256,veh1,0.0,462.6789776975953,198.4,226.0,BtoJ
257,veh0,0.0,463.08839347190747,205.74632976081926,214.0,AtoJ
257,veh1,0.0,462.6789776975953,198.4,227.0,BtoJ
258,veh0,0.0,463.08839347190747,205.74632976081926,215.0,AtoJ
258,veh1,0.0,462.6789776975953,198.4,228.0,BtoJ
259,veh0,0.0,463.08839347190747,205.74632976081926,216.0,AtoJ
259,veh1,0.0,462.6789776975953,198.4,229.0,BtoJ
260,veh0,0.0,463.08839347190747,205.74632976081926,217.0,AtoJ
260,veh1,0.0,462.6789776975953,198.4,230.0,BtoJ
261,veh0,0.0,463.08839347190747,205.74632976081926,218.0,AtoJ
261,veh1,0.0,462.6789776975953,198.4,231.0,BtoJ
262,veh0,0.0,463.08839347190747,205.74632976081926,219.0,AtoJ
262,veh1,0.0,462.6789776975953,198.4,232.0,BtoJ
263,veh0,0.0,463.08839347190747,205.74632976081926,220.0,AtoJ
263,veh1,0.0,462.6789776975953,198.4,233.0,BtoJ
264,veh0,0.0,463.08839347190747,205.74632976081926,221.0,AtoJ
264,veh1,0.0,462.6789776975953,198.4,234.0,BtoJ
265,veh0,0.0,463.08839347190747,205.74632976081926,222.0,AtoJ
265,veh1,0.0,462.6789776975953,198.4,235.0,BtoJ
266,veh0,0.0,463.08839347190747,205.74632976081926,223.0,AtoJ
266,veh1,0.0,462.6789776975953,198.4,236.0,BtoJ
267,veh0,0.0,463.08839347190747,205.74632976081926,224.0,AtoJ
267,veh1,0.0,462.6789776975953,198.4,237.0,BtoJ
268,veh0,0.0,463.08839347190747,205.74632976081926,225.0,AtoJ
268,veh1,0.0,462.6789776975953,198.4,238.0,BtoJ
269,veh0,0.0,463.08839347190747,205.74632976081926,226.0,AtoJ
269,veh1,0.0,462.6789776975953,198.4,239.0,BtoJ
270,veh0,0.0,463.08839347190747,205.74632976081926,227.0,AtoJ
270,veh1,0.0,462.6789776975953,198.4,240.0,BtoJ
271,veh0,0.0,463.08839347190747,205.74632976081926,228.0,AtoJ
271,veh1,0.0,462.6789776975953,198.4,241.0,BtoJ
272,veh0,0.0,463.08839347190747,205.74632976081926,229.0,AtoJ
272,veh1,0.0,462.6789776975953,198.4,242.0,BtoJ
273,veh0,0.0,463.08839347190747,205.74632976081926,230.0,AtoJ
273,veh1,0.0,462.6789776975953,198.4,243.0,BtoJ
274,veh0,0.0,463.08839347190747,205.74632976081926,231.0,AtoJ
274,veh1,0.0,462.6789776975953,198.4,244.0,BtoJ
275,veh0,0.0,463.08839347190747,205.74632976081926,232.0,AtoJ
275,veh1,0.0,462.6789776975953,198.4,245.0,BtoJ
276,veh0,0.0,463.08839347190747,205.74632976081926,233.0,AtoJ
276,veh1,0.0,462.6789776975953,198.4,246.0,BtoJ
277,veh0,0.0,463.08839347190747,205.74632976081926,234.0,AtoJ
277,veh1,0.0,462.6789776975953,198.4,247.0,BtoJ
278,veh0,0.0,463.08839347190747,205.74632976081926,235.0,AtoJ
278,veh1,0.0,462.6789776975953,198.4,248.0,BtoJ
279,veh0,0.0,463.08839347190747,205.74632976081926,236.0,AtoJ
279,veh1,0.0,462.6789776975953,198.4,249.0,BtoJ
280,veh0,0.0,463.08839347190747,205.74632976081926,237.0,AtoJ
280,veh1,0.0,462.6789776975953,198.4,250.0,BtoJ
281,veh0,0.0,463.08839347190747,205.74632976081926,238.0,AtoJ
281,veh1,0.0,462.6789776975953,198.4,251.0,BtoJ
282,veh0,0.0,463.08839347190747,205.74632976081926,239.0,AtoJ
282,veh1,0.0,462.6789776975953,198.4,252.0,BtoJ
283,veh0,0.0,463.08839347190747,205.74632976081926,240.0,AtoJ
283,veh1,0.0,462.6789776975953,198.4,253.0,BtoJ
284,veh0,0.0,463.08839347190747,205.74632976081926,241.0,AtoJ
284,veh1,0.0,462.6789776975953,198.4,254.0,BtoJ
285,veh0,0.0,463.08839347190747,205.74632976081926,242.0,AtoJ
285,veh1,0.0,462.6789776975953,198.4,255.0,BtoJ
286,veh0,0.0,463.08839347190747,205.74632976081926,243.0,AtoJ
286,veh1,0.0,462.6789776975953,198.4,256.0,BtoJ
287,veh0,0.0,463.08839347190747,205.74632976081926,244.0,AtoJ
287,veh1,0.0,462.6789776975953,198.4,257.0,BtoJ
288,veh0,0.0,463.08839347190747,205.74632976081926,245.0,AtoJ
288,veh1,0.0,462.6789776975953,198.4,258.0,BtoJ
289,veh0,0.0,463.08839347190747,205.74632976081926,246.0,AtoJ
289,veh1,0.0,462.6789776975953,198.4,259.0,BtoJ
290,veh0,0.0,463.08839347190747,205.74632976081926,247.0,AtoJ
290,veh1,0.0,462.6789776975953,198.4,260.0,BtoJ
291,veh0,0.0,463.08839347190747,205.74632976081926,248.0,AtoJ
291,veh1,0.0,462.6789776975953,198.4,261.0,BtoJ
292,veh0,0.0,463.08839347190747,205.74632976081926,249.0,AtoJ
292,veh1,0.0,462.6789776975953,198.4,262.0,BtoJ
293,veh0,0.0,463.08839347190747,205.74632976081926,250.0,AtoJ
293,veh1,0.0,462.6789776975953,198.4,263.0,BtoJ
294,veh0,0.0,463.08839347190747,205.74632976081926,251.0,AtoJ
294,veh1,0.0,462.6789776975953,198.4,264.0,BtoJ
295,veh0,0.0,463.08839347190747,205.74632976081926,252.0,AtoJ
295,veh1,0.0,462.6789776975953,198.4,265.0,BtoJ
296,veh0,0.0,463.08839347190747,205.74632976081926,253.0,AtoJ
296,veh1,0.0,462.6789776975953,198.4,266.0,BtoJ
297,veh0,0.0,463.08839347190747,205.74632976081926,254.0,AtoJ
297,veh1,0.0,462.6789776975953,198.4,267.0,BtoJ
298,veh0,0.0,463.08839347190747,205.74632976081926,255.0,AtoJ
298,veh1,0.0,462.6789776975953,198.4,268.0,BtoJ
299,veh0,0.0,463.08839347190747,205.74632976081926,256.0,AtoJ
299,veh1,0.0,462.6789776975953,198.4,269.0,BtoJ
300,veh0,0.0,463.08839347190747,205.74632976081926,257.0,AtoJ
300,veh1,0.0,462.6789776975953,198.4,270.0,BtoJ
301,veh0,0.0,463.08839347190747,205.74632976081926,258.0,AtoJ
301,veh1,0.0,462.6789776975953,198.4,271.0,BtoJ
302,veh0,0.0,463.08839347190747,205.74632976081926,259.0,AtoJ
302,veh1,0.0,462.6789776975953,198.4,272.0,BtoJ
303,veh0,0.0,463.08839347190747,205.74632976081926,260.0,AtoJ
303,veh1,0.0,462.6789776975953,198.4,273.0,BtoJ
304,veh0,0.0,463.08839347190747,205.74632976081926,261.0,AtoJ
304,veh1,0.0,462.6789776975953,198.4,274.0,BtoJ
305,veh0,0.0,463.08839347190747,205.74632976081926,262.0,AtoJ
305,veh1,0.0,462.6789776975953,198.4,275.0,BtoJ
306,veh0,0.0,463.08839347190747,205.74632976081926,263.0,AtoJ
306,veh1,0.0,462.6789776975953,198.4,276.0,BtoJ
307,veh0,0.0,463.08839347190747,205.74632976081926,264.0,AtoJ
307,veh1,0.0,462.6789776975953,198.4,277.0,BtoJ
308,veh0,0.0,463.08839347190747,205.74632976081926,265.0,AtoJ
308,veh1,0.0,462.6789776975953,198.4,278.0,BtoJ
309,veh0,0.0,463.08839347190747,205.74632976081926,266.0,AtoJ
309,veh1,0.0,462.6789776975953,198.4,279.0,BtoJ
310,veh0,0.0,463.08839347190747,205.74632976081926,267.0,AtoJ
310,veh1,0.0,462.6789776975953,198.4,280.0,BtoJ
311,veh0,0.0,463.08839347190747,205.74632976081926,268.0,AtoJ
311,veh1,0.0,462.6789776975953,198.4,281.0,BtoJ
312,veh0,0.0,463.08839347190747,205.74632976081926,269.0,AtoJ
312,veh1,0.0,462.6789776975953,198.4,282.0,BtoJ
313,veh0,0.0,463.08839347190747,205.74632976081926,270.0,AtoJ
313,veh1,0.0,462.6789776975953,198.4,283.0,BtoJ
314,veh0,0.0,463.08839347190747,205.74632976081926,271.0,AtoJ
314,veh1,0.0,462.6789776975953,198.4,284.0,BtoJ
315,veh0,0.0,463.08839347190747,205.74632976081926,272.0,AtoJ
315,veh1,0.0,462.6789776975953,198.4,285.0,BtoJ
316,veh0,0.0,463.08839347190747,205.74632976081926,273.0,AtoJ
316,veh1,0.0,462.6789776975953,198.4,286.0,BtoJ
317,veh0,0.0,463.08839347190747,205.74632976081926,274.0,AtoJ
317,veh1,0.0,462.6789776975953,198.4,287.0,BtoJ
318,veh0,0.0,463.08839347190747,205.74632976081926,275.0,AtoJ
318,veh1,0.0,462.6789776975953,198.4,288.0,BtoJ
319,veh0,0.0,463.08839347190747,205.74632976081926,276.0,AtoJ
319,veh1,0.0,462.6789776975953,198.4,289.0,BtoJ
320,veh0,0.0,463.08839347190747,205.74632976081926,277.0,AtoJ
320,veh1,0.0,462.6789776975953,198.4,290.0,BtoJ
321,veh0,0.0,463.08839347190747,205.74632976081926,278.0,AtoJ
321,veh1,0.0,462.6789776975953,198.4,291.0,BtoJ
322,veh0,0.0,463.08839347190747,205.74632976081926,279.0,AtoJ
322,veh1,0.0,462.6789776975953,198.4,292.0,BtoJ
323,veh0,0.0,463.08839347190747,205.74632976081926,280.0,AtoJ
323,veh1,0.0,462.6789776975953,198.4,293.0,BtoJ
324,veh0,0.0,463.08839347190747,205.74632976081926,281.0,AtoJ
324,veh1,0.0,462.6789776975953,198.4,294.0,BtoJ
325,veh0,0.0,463.08839347190747,205.74632976081926,282.0,AtoJ
325,veh1,0.0,462.6789776975953,198.4,295.0,BtoJ
326,veh0,0.0,463.08839347190747,205.74632976081926,283.0,AtoJ
326,veh1,0.0,462.6789776975953,198.4,296.0,BtoJ
327,veh0,0.0,463.08839347190747,205.74632976081926,284.0,AtoJ
327,veh1,0.0,462.6789776975953,198.4,297.0,BtoJ
328,veh0,0.0,463.08839347190747,205.74632976081926,285.0,AtoJ
328,veh1,0.0,462.6789776975953,198.4,298.0,BtoJ
329,veh0,0.0,463.08839347190747,205.74632976081926,286.0,AtoJ
329,veh1,0.0,462.6789776975953,198.4,299.0,BtoJ
330,veh0,0.0,463.08839347190747,205.74632976081926,287.0,AtoJ
330,veh1,0.0,462.6789776975953,198.4,300.0,BtoJ
331,veh0,0.0,463.08839347190747,205.74632976081926,288.0,AtoJ
331,veh1,13.89,487.2943828978268,214.96561710217318,0.0,JtoD
332,veh0,0.0,463.08839347190747,205.74632976081926,289.0,AtoJ
332,veh1,12.872168557891879,478.1921710387591,224.06782896124088,0.0,JtoD
333,veh0,0.0,463.08839347190747,205.74632976081926,290.0,AtoJ
333,veh1,12.971706067967485,469.0195738751052,233.24042612489478,0.0,JtoD
334,veh0,0.0,463.08839347190747,205.74632976081926,291.0,AtoJ
334,veh1,12.869418466986414,459.9193066697251,242.3406933302749,0.0,JtoD
335,veh0,0.0,463.08839347190747,205.74632976081926,292.0,AtoJ
335,veh1,12.569631697899919,451.03102570990245,251.2289742900975,0.0,JtoD
336,veh0,0.0,463.08839347190747,205.74632976081926,293.0,AtoJ
336,veh1,12.56935754470646,442.1429386102237,260.11706138977627,0.0,JtoD
337,veh0,0.0,463.08839347190747,205.74632976081926,294.0,AtoJ
337,veh1,12.819460968660447,433.07799752193625,269.18200247806374,0.0,JtoD
338,veh0,0.0,463.08839347190747,205.74632976081926,295.0,AtoJ
338,veh1,12.877219811604615,423.9722138030657,278.2877861969343,0.0,JtoD
339,veh0,0.0,463.08839347190747,205.74632976081926,296.0,AtoJ
339,veh1,12.841051346912305,414.89200565266026,287.36799434733973,0.0,JtoD
340,veh0,0.0,463.08839347190747,205.74632976081926,297.0,AtoJ
340,veh1,12.952091646554205,405.73327830576596,296.526721694234,0.0,JtoD
341,veh0,0.0,463.08839347190747,205.74632976081926,298.0,AtoJ
341,veh1,12.641773438138213,396.79398423182994,305.46601576817005,0.0,JtoD
342,veh0,0.0,463.08839347190747,205.74632976081926,299.0,AtoJ
342,veh1,12.851029660726223,387.70672018203027,314.5532798179697,0.0,JtoD
343,veh0,0.0,463.08839347190747,205.74632976081926,300.0,AtoJ
343,veh1,12.67585010669313,378.7433296976686,323.51667030233136,0.0,JtoD
344,veh0,13.89,489.48,188.64,0.0,JtoC
344,veh1,12.7684597697214,369.7144527516212,332.5455472483788,0.0,JtoD
345,veh0,14.30561548038001,480.896630711772,177.195507615696,0.0,JtoC
345,veh1,12.575780044948939,360.82182415160327,341.4381758483967,0.0,JtoD
346,veh0,14.561923507806723,472.159476607088,165.5459688094506,0.0,JtoC
346,veh1,12.638535991484556,351.88481935201844,350.37518064798155,0.0,JtoD
347,veh0,14.665672315606725,463.36007321772394,153.81343095696522,0.0,JtoC
347,veh1,12.84712578653011,342.80031582309323,359.45968417690676,0.0,JtoD
348,veh0,14.48088099129579,454.67154462294644,142.22872616392857,0.0,JtoC
348,veh1,12.595374107883568,333.89383180227276,368.36616819772723,0.0,JtoD
349,veh0,14.388588319738274,446.0383916311035,130.71785550813797,0.0,JtoC
349,veh1,12.965294959779154,324.72576808336976,377.53423191663023,0.0,JtoD
350,veh0,14.277280032141944,437.4720236118183,119.29603148242441,0.0,JtoC
350,veh1,12.7147278359032,315.7348862461504,386.5251137538496,0.0,JtoD
351,veh0,14.490112134810415,428.7779563309321,107.70394177457608,0.0,JtoC
351,veh1,12.964066874409351,306.5676909351747,395.6923090648253,0.0,JtoD
352,veh0,14.58131013400468,420.02917025052926,96.03889366737235,0.0,JtoC
353,veh0,14.422178745708306,411.3758630031043,84.50115067080571,0.0,JtoC
354,veh0,14.58421277822542,402.6253353361691,72.83378044822537,0.0,JtoC
355,veh0,14.42889503060921,393.96799831780356,61.290664423738036,0.0,JtoC
356,veh0,14.68718197915784,385.1556891303089,49.54091884041176,0.0,JtoC
357,veh0,14.563903792501305,376.4173468548081,37.88979580641072,0.0,JtoC
358,veh0,14.597374109174934,367.65892238930314,26.21189651907079,0.0,JtoC
359,veh0,14.620576714254794,358.88657636075027,14.515435147666949,0.0,JtoC
360,veh0,14.324690761133906,350.2917619040699,3.0556825387598394,0.0,JtoC
